sample-id	barcode-seqeunce 	linker-primer-seqeunce 	InputFileName	Description	RunNumber	SampleName	Number	Province	Location	Plant 	Sample type	Site	DateCollected	Colony	DNANg 
A01	CTAAGGTAA	CGATCTTGGTCATTTAGAGGAAGTAA	A01_9_L001_R1_001.fastq.gz	ITS2_A_B01	BCC_R1	BCCV1-AP-1B	1	BC	Creston Valley	Apple	Bread	1	Spring 2021	1	1.16
A02	TAAGGAGAA	CGATCTTGGTCATTTAGAGGAAGTAA	A02_9_L001_R1_001.fastq.gz	ITS2_A_B02	BCC_R1	BCCV1-AP-2B	2	BC	Creston Valley	Apple	Bread	1	Spring 2021	2	0.74
A03	AAGAGGATT	CGATCTTGGTCATTTAGAGGAAGTAA	A03_9_L001_R1_001.fastq.gz	ITS2_A_B03	BCC_R1	BCCV1-AP-3B	3	BC	Creston Valley	Apple	Bread	1	Spring 2021	3	0.867
A04	TACCAAGAT	CGATCTTGGTCATTTAGAGGAAGTAA	A04_9_L001_R1_001.fastq.gz	ITS2_A_B04	BCC_R1	BCCV2-AP-1B	4	BC	Creston Valley	Apple	Bread	2	Spring 2021	1	0.563
A05	CAGAAGGAA	CGATCTTGGTCATTTAGAGGAAGTAA	A05_9_L001_R1_001.fastq.gz	ITS2_A_B05	BCC_R1	BCCV2-AP-2B	5	BC	Creston Valley	Apple	Bread	2	Spring 2021	2	0.987
A06	CTGCAAGTT	CGATCTTGGTCATTTAGAGGAAGTAA	A06_9_L001_R1_001.fastq.gz	ITS2_A_B06	BCC_R1	BCCV2-AP-3B	6	BC	Creston Valley	Apple	Bread	2	Spring 2021	3	0.525
A07	TTCGTGATT	CGATCTTGGTCATTTAGAGGAAGTAA	A07_9_L001_R1_001.fastq.gz	ITS2_A_B07	BCC_R1	BCCV3-AP-1B	7	BC	Creston Valley	Apple	Bread	3	Spring 2021	1	1.19
A08	TTCCGATAA	CGATCTTGGTCATTTAGAGGAAGTAA	A08_9_L001_R1_001.fastq.gz	ITS2_A_B08	BCC_R1	BCCV3-AP-2B	8	BC	Creston Valley	Apple	Bread	3	Spring 2021	2	1.44
A09	TGAGCGGAA	CGATCTTGGTCATTTAGAGGAAGTAA	A09_9_L001_R1_001.fastq.gz	ITS2_A_B09	BCC_R1	BCCV3-AP-3B	9	BC	Creston Valley	Apple	Bread	3	Spring 2021	3	1.08
A10	CTGACCGAA	CGATCTTGGTCATTTAGAGGAAGTAA	A10_9_L001_R1_001.fastq.gz	ITS2_A_B10	BCC_R1	BCFV1-BB-1B	10	BC	Fraser Valley	Blueberry	Bread	1	12-May-21	1	1.83
A11	TCCTCGAAT	CGATCTTGGTCATTTAGAGGAAGTAA	A11_9_L001_R1_001.fastq.gz	ITS2_A_B11	BCC_R1	BCFV1-BB-2B	11	BC	Fraser Valley	Blueberry	Bread	1	12-May-21	2	1.36
A12	TAGGTGGTT	CGATCTTGGTCATTTAGAGGAAGTAA	A12_9_L001_R1_001.fastq.gz	ITS2_A_B12	BCC_R1	BCFV1-BB-3B	12	BC	Fraser Valley	Blueberry	Bread	1	12-May-21	3	2.51
A13	TCTAACGGA	CGATCTTGGTCATTTAGAGGAAGTAA	A13_9_L001_R1_001.fastq.gz	ITS2_A_B13	BCC_R1	BCFV1-BB-4B	13	BC	Fraser Valley	Blueberry	Bread	1	12-May-21	4	4.49
A14	TTGGAGTGT	CGATCTTGGTCATTTAGAGGAAGTAA	A14_9_L001_R1_001.fastq.gz	ITS2_A_B14	BCC_R1	BCFV2-BB-1B	14	BC	Fraser Valley	Blueberry	Bread	2	12-May-21	1	5.43
A15	TCTAGAGGT	CGATCTTGGTCATTTAGAGGAAGTAA	A15_9_L001_R1_001.fastq.gz	ITS2_A_B15	BCC_R1	BCFV2-BB-2B	15	BC	Fraser Valley	Blueberry	Bread	2	12-May-21	2	3.86
A16	TCTGGATGA	CGATCTTGGTCATTTAGAGGAAGTAA	A16_9_L001_R1_001.fastq.gz	ITS2_A_B16	BCC_R1	BCFV2-BB-3B	16	BC	Fraser Valley	Blueberry	Bread	2	12-May-21	3	1.95
A17	TCTATTCGT	CGATCTTGGTCATTTAGAGGAAGTAA	A17_9_L001_R1_001.fastq.gz	ITS2_A_B17	BCC_R1	BCFV2-BB-4B	17	BC	Fraser Valley	Blueberry	Bread	2	12-May-21	4	5.57
A18	AGGCAATTG	CGATCTTGGTCATTTAGAGGAAGTAA	A18_9_L001_R1_001.fastq.gz	ITS2_A_B18	BCC_R1	BCCV1-CH-1B	18	BC	Creston Valley	Cherry	Bread	1	Spring 2021	1	3.81
A19	TTAGTCGGA	CGATCTTGGTCATTTAGAGGAAGTAA	A19_9_L001_R1_001.fastq.gz	ITS2_A_B19	BCC_R1	BCCV1-CH-2B	19	BC	Creston Valley	Cherry	Bread	1	Spring 2021	2	1.07
A20	CAGATCCAT	CGATCTTGGTCATTTAGAGGAAGTAA	A20_9_L001_R1_001.fastq.gz	ITS2_A_B20	BCC_R1	BCCV1-CH-3B	20	BC	Creston Valley	Cherry	Bread	1	Spring 2021	3	0.576
A21	TCGCAATTA	CGATCTTGGTCATTTAGAGGAAGTAA	A21_9_L001_R1_001.fastq.gz	ITS2_A_B21	BCC_R1	BCCV2-CH-1B	21	BC	Creston Valley	Cherry	Bread	2	Spring 2021	1	0.827
A22	TTCGAGACG	CGATCTTGGTCATTTAGAGGAAGTAA	A22_9_L001_R1_001.fastq.gz	ITS2_A_B22	BCC_R1	BCCV2-CH-2B	22	BC	Creston Valley	Cherry	Bread	2	Spring 2021	2	1.42
A23	TGCCACGAA	CGATCTTGGTCATTTAGAGGAAGTAA	A23_9_L001_R1_001.fastq.gz	ITS2_A_B23	BCC_R1	BCCV2-CH-3B	23	BC	Creston Valley	Cherry	Bread	2	Spring 2021	3	1.65
A24	AACCTCATT	CGATCTTGGTCATTTAGAGGAAGTAA	A24_9_L001_R1_001.fastq.gz	ITS2_A_B24	BCC_R1	BCCV3-CH-1B	24	BC	Creston Valley	Cherry	Bread	3	Spring 2021	1	1.12
A25	CCTGAGATA	CGATCTTGGTCATTTAGAGGAAGTAA	A25_9_L001_R1_001.fastq.gz	ITS2_A_B25	BCC_R1	BCCV3-CH-2B	25	BC	Creston Valley	Cherry	Bread	3	Spring 2021	2	0.847
A26	TTACAACCT	CGATCTTGGTCATTTAGAGGAAGTAA	A26_9_L001_R1_001.fastq.gz	ITS2_A_B26	BCC_R1	BCCV3-CH-3B	26	BC	Creston Valley	Cherry	Bread	3	Spring 2021	3	1.09
A27	AACCATCCG	CGATCTTGGTCATTTAGAGGAAGTAA	A27_9_L001_R1_001.fastq.gz	ITS2_A_B27	BCC_R1	BCFV1-WF-1B	27	BC	Fraser Valley	Wild forage	Bread	1	12-May-21	1	0.933
A28	ATCCGGAAT	CGATCTTGGTCATTTAGAGGAAGTAA	A28_9_L001_R1_001.fastq.gz	ITS2_A_B28	BCC_R1	BCFV1-WF-2B	28	BC	Fraser Valley	Wild forage	Bread	1	12-May-21	2	0.8
A29	TCGACCACT	CGATCTTGGTCATTTAGAGGAAGTAA	A29_9_L001_R1_001.fastq.gz	ITS2_A_B29	BCC_R1	BCFV1-WF-3B	29	BC	Fraser Valley	Wild forage	Bread	1	12-May-21	3	0.833
A30	CGAGGTTAT	CGATCTTGGTCATTTAGAGGAAGTAA	A30_9_L001_R1_001.fastq.gz	ITS2_A_B30	BCC_R1	BCFV1-WF-4B	30	BC	Fraser Valley	Wild forage	Bread	1	12-May-21	4	1.39
A31	TCCAAGCTG	CGATCTTGGTCATTTAGAGGAAGTAA	A31_9_L001_R1_001.fastq.gz	ITS2_A_B31	BCC_R1	BCFV2-WF-1B	31	BC	Fraser Valley	Wild forage	Bread	2	12-May-21	1	1.04
A32	TCTTACACA	CGATCTTGGTCATTTAGAGGAAGTAA	A32_9_L001_R1_001.fastq.gz	ITS2_A_B32	BCC_R1	BCFV2-WF-2B	32	BC	Fraser Valley	Wild forage	Bread	2	12-May-21	2	1.17
A33	TTCTCATTGAA	CGATCTTGGTCATTTAGAGGAAGTAA	A33_9_L001_R1_001.fastq.gz	ITS2_A_B33	BCC_R1	BCFV2-WF-3B	33	BC	Fraser Valley	Wild forage	Bread	2	12-May-21	3	1.47
A34	TCGCATCGTT	CGATCTTGGTCATTTAGAGGAAGTAA	A34_9_L001_R1_001.fastq.gz	ITS2_A_B34	BCC_R1	BCFV2-WF-4B	34	BC	Fraser Valley	Wild forage	Bread	2	12-May-21	4	1.31
A35	TAAGCCATTGT	CGATCTTGGTCATTTAGAGGAAGTAA	A35_9_L001_R1_001.fastq.gz	ITS2_A_B35	BCC_R1	BCCV1-AP-1F	35	BC	Creston Valley	Apple	Forager	1	Spring 2021	1	39.3
A36	AAGGAATCGT	CGATCTTGGTCATTTAGAGGAAGTAA	A36_9_L001_R1_001.fastq.gz	ITS2_A_B36	BCC_R1	BCCV1-AP-2F	36	BC	Creston Valley	Apple	Forager	1	Spring 2021	2	44.2
A37	CTTGAGAATGT	CGATCTTGGTCATTTAGAGGAAGTAA	A37_9_L001_R1_001.fastq.gz	ITS2_A_B37	BCC_R1	BCCV1-AP-3F	37	BC	Creston Valley	Apple	Forager	1	Spring 2021	3	100
A38	TGGAGGACGGA	CGATCTTGGTCATTTAGAGGAAGTAA	A38_9_L001_R1_001.fastq.gz	ITS2_A_B38	BCC_R1	BCCV2-AP-1F	38	BC	Creston Valley	Apple	Forager	2	Spring 2021	1	103
A39	TAACAATCGG	CGATCTTGGTCATTTAGAGGAAGTAA	A39_9_L001_R1_001.fastq.gz	ITS2_A_B39	BCC_R1	BCCV2-AP-2F	39	BC	Creston Valley	Apple	Forager	2	Spring 2021	2	18.1
A40	CTGACATAAT	CGATCTTGGTCATTTAGAGGAAGTAA	A40_9_L001_R1_001.fastq.gz	ITS2_A_B40	BCC_R1	BCCV2-AP-3F	40	BC	Creston Valley	Apple	Forager	2	Spring 2021	3	42.4
A41	TTCCACTTCG	CGATCTTGGTCATTTAGAGGAAGTAA	A41_9_L001_R1_001.fastq.gz	ITS2_A_B41	BCC_R1	BCCV3-AP-1F	41	BC	Creston Valley	Apple	Forager	3	Spring 2021	1	48.6
A42	AGCACGAAT	CGATCTTGGTCATTTAGAGGAAGTAA	A42_9_L001_R1_001.fastq.gz	ITS2_A_B42	BCC_R1	BCCV3-AP-2F	42	BC	Creston Valley	Apple	Forager	3	Spring 2021	2	50.9
A43	CTTGACACCG	CGATCTTGGTCATTTAGAGGAAGTAA	A43_9_L001_R1_001.fastq.gz	ITS2_A_B43	BCC_R1	BCCV3-AP-3F	43	BC	Creston Valley	Apple	Forager	3	Spring 2021	3	30.3
A44	TTGGAGGCCAG	CGATCTTGGTCATTTAGAGGAAGTAA	A44_9_L001_R1_001.fastq.gz	ITS2_A_B44	BCC_R1	BCFV1-BB-1F	44	BC	Fraser Valley	Blueberry	Forager	1	12-May-21	1	68.7
A45	TGGAGCTTCCT	CGATCTTGGTCATTTAGAGGAAGTAA	A45_9_L001_R1_001.fastq.gz	ITS2_A_B45	BCC_R1	BCFV1-BB-2F	45	BC	Fraser Valley	Blueberry	Forager	1	12-May-21	2	70.7
A46	TCAGTCCGAA	CGATCTTGGTCATTTAGAGGAAGTAA	A46_9_L001_R1_001.fastq.gz	ITS2_A_B46	BCC_R1	BCFV1-BB-3F	46	BC	Fraser Valley	Blueberry	Forager	1	12-May-21	3	47.3
A47	TAAGGCAACCA	CGATCTTGGTCATTTAGAGGAAGTAA	A47_9_L001_R1_001.fastq.gz	ITS2_A_B47	BCC_R1	BCFV1-BB-4F	47	BC	Fraser Valley	Blueberry	Forager	1	12-May-21	4	29.2
A48	TTCTAAGAGA	CGATCTTGGTCATTTAGAGGAAGTAA	A48_9_L001_R1_001.fastq.gz	ITS2_A_B48	BCC_R1	BCFV2-BB-1F	48	BC	Fraser Valley	Blueberry	Forager	2	12-May-21	1	27.6
A49	TCCTAACATAACGAT	CGATCTTGGTCATTTAGAGGAAGTAA	A49_9_L001_R1_001.fastq.gz	ITS2_A_B49	BCC_R1	BCFV2-BB-2F	49	BC	Fraser Valley	Blueberry	Forager	2	12-May-21	2	101
A50	CGGACAATGGCGAT	CGATCTTGGTCATTTAGAGGAAGTAA	A50_9_L001_R1_001.fastq.gz	ITS2_A_B50	BCC_R1	BCFV2-BB-3F	50	BC	Fraser Valley	Blueberry	Forager	2	12-May-21	3	41.4
A51	TTGAGCCTATTCGAT	CGATCTTGGTCATTTAGAGGAAGTAA	A51_9_L001_R1_001.fastq.gz	ITS2_A_B51	BCC_R1	BCFV2-BB-4F	51	BC	Fraser Valley	Blueberry	Forager	2	12-May-21	4	99.3
A52	CCGCATGGAACGAT	CGATCTTGGTCATTTAGAGGAAGTAA	A52_9_L001_R1_001.fastq.gz	ITS2_A_B52	BCC_R1	BCCV1-CH-1F	52	BC	Creston Valley	Cherry	Forager	1	Spring 2021	1	42.2
A53	CTGGCAATCCTCGAT	CGATCTTGGTCATTTAGAGGAAGTAA	A53_9_L001_R1_001.fastq.gz	ITS2_A_B53	BCC_R1	BCCV1-CH-2F	53	BC	Creston Valley	Cherry	Forager	1	Spring 2021	2	77.3
A54	CCGGAGAATCGCGAT	CGATCTTGGTCATTTAGAGGAAGTAA	A54_9_L001_R1_001.fastq.gz	ITS2_A_B54	BCC_R1	BCCV1-CH-3F	54	BC	Creston Valley	Cherry	Forager	1	Spring 2021	3	41.9
A55	TCCACCTCCTCGAT	CGATCTTGGTCATTTAGAGGAAGTAA	A55_9_L001_R1_001.fastq.gz	ITS2_A_B55	BCC_R1	BCCV2-CH-1F	55	BC	Creston Valley	Cherry	Forager	2	Spring 2021	1	51.6
A56	CAGCATTAATTCGAT	CGATCTTGGTCATTTAGAGGAAGTAA	A56_9_L001_R1_001.fastq.gz	ITS2_A_B56	BCC_R1	BCCV2-CH-2F	56	BC	Creston Valley	Cherry	Forager	2	Spring 2021	2	61.6
A57	TCTGGCAACGGCGAT	CGATCTTGGTCATTTAGAGGAAGTAA	A57_9_L001_R1_001.fastq.gz	ITS2_A_B57	BCC_R1	BCCV2-CH-3F	57	BC	Creston Valley	Cherry	Forager	2	Spring 2021	3	103
A58	TCCTAGAACACGAT	CGATCTTGGTCATTTAGAGGAAGTAA	A58_9_L001_R1_001.fastq.gz	ITS2_A_B58	BCC_R1	BCCV3-CH-1F	58	BC	Creston Valley	Cherry	Forager	3	Spring 2021	1	69.3
A59	TCCTTGATGTTCGAT	CGATCTTGGTCATTTAGAGGAAGTAA	A59_9_L001_R1_001.fastq.gz	ITS2_A_B59	BCC_R1	BCCV3-CH-2F	59	BC	Creston Valley	Cherry	Forager	3	Spring 2021	2	61
A60	TCTAGCTCTTCGAT	CGATCTTGGTCATTTAGAGGAAGTAA	A60_9_L001_R1_001.fastq.gz	ITS2_A_B60	BCC_R1	BCCV3-CH-3F	60	BC	Creston Valley	Cherry	Forager	3	Spring 2021	3	35.2
A61	TCACTCGGATCGAT	CGATCTTGGTCATTTAGAGGAAGTAA	A61_9_L001_R1_001.fastq.gz	ITS2_A_B61	BCC_R1	BCFV1-WF-1F	61	BC	Fraser Valley	Wild forage	Forager	1	12-May-21	1	42.9
A62	TTCCTGCTTCACGAT	CGATCTTGGTCATTTAGAGGAAGTAA	A62_9_L001_R1_001.fastq.gz	ITS2_A_B62	BCC_R1	BCFV1-WF-2F	62	BC	Fraser Valley	Wild forage	Forager	1	12-May-21	2	82
A63	CCTTAGAGTTCGAT	CGATCTTGGTCATTTAGAGGAAGTAA	A63_9_L001_R1_001.fastq.gz	ITS2_A_B63	BCC_R1	BCFV1-WF-3F	63	BC	Fraser Valley	Wild forage	Forager	1	12-May-21	3	113
A64	CTGAGTTCCGACGAT	CGATCTTGGTCATTTAGAGGAAGTAA	A64_9_L001_R1_001.fastq.gz	ITS2_A_B64	BCC_R1	BCFV1-WF-4F	64	BC	Fraser Valley	Wild forage	Forager	1	12-May-21	4	74
A65	TCCTGGCACATCGAT	CGATCTTGGTCATTTAGAGGAAGTAA	A65_9_L001_R1_001.fastq.gz	ITS2_A_B65	BCC_R1	BCFV2-WF-1F	65	BC	Fraser Valley	Wild forage	Forager	2	12-May-21	1	70
A66	CCGCAATCATCGAT	CGATCTTGGTCATTTAGAGGAAGTAA	A66_9_L001_R1_001.fastq.gz	ITS2_A_B66	BCC_R1	BCFV2-WF-2F	66	BC	Fraser Valley	Wild forage	Forager	2	12-May-21	2	91.3
A67	TTCCTACCAGTCGAT	CGATCTTGGTCATTTAGAGGAAGTAA	A67_9_L001_R1_001.fastq.gz	ITS2_A_B67	BCC_R1	BCFV2-WF-3F	67	BC	Fraser Valley	Wild forage	Forager	2	12-May-21	3	43.4
A68	TCAAGAAGTTCGAT	CGATCTTGGTCATTTAGAGGAAGTAA	A68_9_L001_R1_001.fastq.gz	ITS2_A_B68	BCC_R1	BCFV2-WF-4F	68	BC	Fraser Valley	Wild forage	Forager	2	12-May-21	4	66.5
A69	TTCAATTGGCGAT	CGATCTTGGTCATTTAGAGGAAGTAA	A69_9_L001_R1_001.fastq.gz	ITS2_A_B69	BCC_R1	BCCV1-AP-1H	69	BC	Creston Valley	Apple	Hive	1	Spring 2021	1	189
A70	CCTACTGGTCGAT	CGATCTTGGTCATTTAGAGGAAGTAA	A70_9_L001_R1_001.fastq.gz	ITS2_A_B70	BCC_R1	BCCV1-AP-2H	70	BC	Creston Valley	Apple	Hive	1	Spring 2021	2	123
A71	TGAGGCTCCGACGAT	CGATCTTGGTCATTTAGAGGAAGTAA	A71_9_L001_R1_001.fastq.gz	ITS2_A_B71	BCC_R1	BCCV1-AP-3H	71	BC	Creston Valley	Apple	Hive	1	Spring 2021	3	149
A72	CGAAGGCCACACGAT	CGATCTTGGTCATTTAGAGGAAGTAA	A72_9_L001_R1_001.fastq.gz	ITS2_A_B72	BCC_R1	BCCV2-AP-1H	72	BC	Creston Valley	Apple	Hive	2	Spring 2021	1	192
A73	TCTGCCTGTCGAT	CGATGCTGCGTTCTTCATCGATGC	A73_9_L001_R1_001.fastq.gz	ITS2_A_B73	BCC_R1	BCCV2-AP-2H	73	BC	Creston Valley	Apple	Hive	2	Spring 2021	2	160
A74	CGATCGGTTCGAT	CGATCTTGGTCATTTAGAGGAAGTAA	A74_9_L001_R1_001.fastq.gz	ITS2_A_B74	BCC_R1	BCCV2-AP-3H	74	BC	Creston Valley	Apple	Hive	2	Spring 2021	3	118
A75	TCAGGAATACGAT	CGATCTTGGTCATTTAGAGGAAGTAA	A75_9_L001_R1_001.fastq.gz	ITS2_A_B75	BCC_R1	BCCV3-AP-1H	75	BC	Creston Valley	Apple	Hive	3	Spring 2021	1	93.3
A76	CGGAAGAACCTCGAT	CGATCTTGGTCATTTAGAGGAAGTAA	A76_9_L001_R1_001.fastq.gz	ITS2_A_B76	BCC_R1	BCCV3-AP-2H	76	BC	Creston Valley	Apple	Hive	3	Spring 2021	2	191
A77	CGAAGCGATTCGAT	CGATCTTGGTCATTTAGAGGAAGTAA	A77_9_L001_R1_001.fastq.gz	ITS2_A_B77	BCC_R1	BCCV3-AP-3H	77	BC	Creston Valley	Apple	Hive	3	Spring 2021	3	135
A78	CAGCCAATTCTCGAT	CGATCTTGGTCATTTAGAGGAAGTAA	A78_9_L001_R1_001.fastq.gz	ITS2_A_B78	BCC_R1	BCFV1-BB-1H	78	BC	Fraser Valley	Blueberry	Hive	1	12-May-21	1	170
A79	CCTGGTTGTCGAT	CGATCTTGGTCATTTAGAGGAAGTAA	A79_9_L001_R1_001.fastq.gz	ITS2_A_B79	BCC_R1	BCFV1-BB-2H	79	BC	Fraser Valley	Blueberry	Hive	1	12-May-21	2	181
A80	TCGAAGGCAGGCGAT	CGATCTTGGTCATTTAGAGGAAGTAA	A80_9_L001_R1_001.fastq.gz	ITS2_A_B80	BCC_R1	BCFV1-BB-3H	80	BC	Fraser Valley	Blueberry	Hive	1	12-May-21	3	185
A81	CCTGCCATTCGCGAT	CGATCTTGGTCATTTAGAGGAAGTAA	A81_9_L001_R1_001.fastq.gz	ITS2_A_B81	BCC_R1	BCFV1-BB-4H	81	BC	Fraser Valley	Blueberry	Hive	1	12-May-21	4	194
A82	TTGGCATCTCGAT	CGATCTTGGTCATTTAGAGGAAGTAA	A82_9_L001_R1_001.fastq.gz	ITS2_A_B82	BCC_R1	BCFV2-BB-1H	82	BC	Fraser Valley	Blueberry	Hive	2	12-May-21	1	143
A83	CTAGGACATTCGAT	CGATCTTGGTCATTTAGAGGAAGTAA	A83_9_L001_R1_001.fastq.gz	ITS2_A_B83	BCC_R1	BCFV2-BB-2H	83	BC	Fraser Valley	Blueberry	Hive	2	12-May-21	2	143
A84	CTTCCATAACGAT	CGATCTTGGTCATTTAGAGGAAGTAA	A84_9_L001_R1_001.fastq.gz	ITS2_A_B84	BCC_R1	BCFV2-BB-3H	84	BC	Fraser Valley	Blueberry	Hive	2	12-May-21	3	129
A85	CCAGCCTCAACGAT	CGATCTTGGTCATTTAGAGGAAGTAA	A85_9_L001_R1_001.fastq.gz	ITS2_A_B85	BCC_R1	BCFV2-BB-4H	85	BC	Fraser Valley	Blueberry	Hive	2	12-May-21	4	125
A86	CTTGGTTATTCGAT	CGATCTTGGTCATTTAGAGGAAGTAA	A86_9_L001_R1_001.fastq.gz	ITS2_A_B86	BCC_R1	BCCV1-CH-1H	86	BC	Creston Valley	Cherry	Hive	1	Spring 2021	1	88.7
A87	TTGGCTGGACGAT	CGATCTTGGTCATTTAGAGGAAGTAA	A87_9_L001_R1_001.fastq.gz	ITS2_A_B87	BCC_R1	BCCV1-CH-2H	87	BC	Creston Valley	Cherry	Hive	1	Spring 2021	2	150
A88	CCGAACACTTCGAT	CGATCTTGGTCATTTAGAGGAAGTAA	A88_9_L001_R1_001.fastq.gz	ITS2_A_B88	BCC_R1	BCCV1-CH-3H	88	BC	Creston Valley	Cherry	Hive	1	Spring 2021	3	127
A89	TCCTGAATCTCGAT	CGATCTTGGTCATTTAGAGGAAGTAA	A89_9_L001_R1_001.fastq.gz	ITS2_A_B89	BCC_R1	BCCV2-CH-1H	89	BC	Creston Valley	Cherry	Hive	2	Spring 2021	1	66.7
A90	CTAACCACGGCGAT	CGATCTTGGTCATTTAGAGGAAGTAA	A90_9_L001_R1_001.fastq.gz	ITS2_A_B90	BCC_R1	BCCV2-CH-2H	90	BC	Creston Valley	Cherry	Hive	2	Spring 2021	2	103
A91	CGGAAGGATGCGAT	CGATCTTGGTCATTTAGAGGAAGTAA	A91_9_L001_R1_001.fastq.gz	ITS2_A_B91	BCC_R1	BCCV2-CH-3H	91	BC	Creston Valley	Cherry	Hive	2	Spring 2021	3	141
A92	CTAGGAACCGCGAT	CGATCTTGGTCATTTAGAGGAAGTAA	A92_9_L001_R1_001.fastq.gz	ITS2_A_B92	BCC_R1	BCCV3-CH-1H	92	BC	Creston Valley	Cherry	Hive	3	Spring 2021	1	118
A93	CTTGTCCAATCGAT	CGATCTTGGTCATTTAGAGGAAGTAA	A93_9_L001_R1_001.fastq.gz	ITS2_A_B93	BCC_R1	BCCV3-CH-2H	93	BC	Creston Valley	Cherry	Hive	3	Spring 2021	2	71.3
A94	TCCGACAAGCGAT	CGATCTTGGTCATTTAGAGGAAGTAA	A94_9_L001_R1_001.fastq.gz	ITS2_A_B94	BCC_R1	BCCV3-CH-3H	94	BC	Creston Valley	Cherry	Hive	3	Spring 2021	3	84
A95	CGGACAGATCGAT	CGATCTTGGTCATTTAGAGGAAGTAA	A95_9_L001_R1_001.fastq.gz	ITS2_A_B95	BCC_R1	BCFV1-WF-1H	95	BC	Fraser Valley	Wild forage	Hive	1	12-May-21	1	184
A96	TTAAGCGGTCGAT	CGATCTTGGTCATTTAGAGGAAGTAA	A96_9_L001_R1_001.fastq.gz	ITS2_A_B96	BCC_R1	BCFV1-WF-2H	96	BC	Fraser Valley	Wild forage	Hive	1	12-May-21	2	153
B41	TTCCACTTCG	CGATCTTGGTCATTTAGAGGAAGTAA	B41_9_L001_R1_001.fastq.gz	ITS2_B_B41	BCC_R2	BCFV1-WF-3H	41	BC	Fraser Valley	Wild forage	Hive	1	12-May-21	3	181
B42	AGCACGAAT	CGATCTTGGTCATTTAGAGGAAGTAA	B42_9_L001_R1_001.fastq.gz	ITS2_B_B42	BCC_R2	BCFV1-WF-4H	42	BC	Fraser Valley	Wild forage	Hive	1	12-May-21	4	134
B43	CTTGACACCG	CGATCTTGGTCATTTAGAGGAAGTAA	B43_9_L001_R1_001.fastq.gz	ITS2_B_B43	BCC_R2	BCFV2-WF-1H	43	BC	Fraser Valley	Wild forage	Hive	2	12-May-21	1	121
B44	TTGGAGGCCAG	CGATCTTGGTCATTTAGAGGAAGTAA	B44_9_L001_R1_001.fastq.gz	ITS2_B_B44	BCC_R2	BCFV2-WF-2H	44	BC	Fraser Valley	Wild forage	Hive	2	12-May-21	2	127
B45	TGGAGCTTCCT	CGATCTTGGTCATTTAGAGGAAGTAA	B45_9_L001_R1_001.fastq.gz	ITS2_B_B45	BCC_R2	BCFV2-WF-3H	45	BC	Fraser Valley	Wild forage	Hive	2	12-May-21	3	137
B46	TCAGTCCGAA	CGATCTTGGTCATTTAGAGGAAGTAA	B46_9_L001_R1_001.fastq.gz	ITS2_B_B46	BCC_R2	BCFV2-WF-4H	46	BC	Fraser Valley	Wild forage	Hive	2	12-May-21	4	109
B47	TAAGGCAACCA	CGATCTTGGTCATTTAGAGGAAGTAA	B47_9_L001_R1_001.fastq.gz	ITS2_B_B47	BCC_R2	BCCV1-AP-1P	47	BC	Creston Valley	Apple	Pollen	1	Spring 2021	1	4.08
B48	TTCTAAGAGA	CGATCTTGGTCATTTAGAGGAAGTAA	B48_9_L001_R1_001.fastq.gz	ITS2_B_B48	BCC_R2	BCCV1-AP-2P	48	BC	Creston Valley	Apple	Pollen	1	Spring 2021	2	2.2
B49	TCCTAACATAACGAT	CGATCTTGGTCATTTAGAGGAAGTAA	B49_9_L001_R1_001.fastq.gz	ITS2_B_B49	BCC_R2	BCCV1-AP-3P	49	BC	Creston Valley	Apple	Pollen	1	Spring 2021	3	4.67
B50	CGGACAATGGCGAT	CGATCTTGGTCATTTAGAGGAAGTAA	B50_9_L001_R1_001.fastq.gz	ITS2_B_B50	BCC_R2	BCCV2-AP-1P	50	BC	Creston Valley	Apple	Pollen	2	Spring 2021	1	2.46
B51	TTGAGCCTATTCGAT	CGATCTTGGTCATTTAGAGGAAGTAA	B51_9_L001_R1_001.fastq.gz	ITS2_B_B51	BCC_R2	BCCV2-AP-2P	51	BC	Creston Valley	Apple	Pollen	2	Spring 2021	2	1.83
B52	CCGCATGGAACGAT	CGATCTTGGTCATTTAGAGGAAGTAA	B52_9_L001_R1_001.fastq.gz	ITS2_B_B52	BCC_R2	BCCV2-AP-3P	52	BC	Creston Valley	Apple	Pollen	2	Spring 2021	3	2.58
B53	CTGGCAATCCTCGAT	CGATCTTGGTCATTTAGAGGAAGTAA	B53_9_L001_R1_001.fastq.gz	ITS2_B_B53	BCC_R2	BCCV3-AP-1P	53	BC	Creston Valley	Apple	Pollen	3	Spring 2021	1	1.85
B54	CCGGAGAATCGCGAT	CGATCTTGGTCATTTAGAGGAAGTAA	B54_9_L001_R1_001.fastq.gz	ITS2_B_B54	BCC_R2	BCCV3-AP-2P	54	BC	Creston Valley	Apple	Pollen	3	Spring 2021	2	7.87
B55	TCCACCTCCTCGAT	CGATCTTGGTCATTTAGAGGAAGTAA	B55_9_L001_R1_001.fastq.gz	ITS2_B_B55	BCC_R2	BCCV3-AP-3P	55	BC	Creston Valley	Apple	Pollen	3	Spring 2021	3	7.27
B56	CAGCATTAATTCGAT	CGATCTTGGTCATTTAGAGGAAGTAA	B56_9_L001_R1_001.fastq.gz	ITS2_B_B56	BCC_R2	BCFV1-BB-1P	56	BC	Fraser Valley	Blueberry	Pollen	1	14-May-21	1	1.03
B57	TCTGGCAACGGCGAT	CGATCTTGGTCATTTAGAGGAAGTAA	B57_9_L001_R1_001.fastq.gz	ITS2_B_B57	BCC_R2	BCFV1-BB-2P	57	BC	Fraser Valley	Blueberry	Pollen	1	14-May-21	2	5.17
B58	TCCTAGAACACGAT	CGATCTTGGTCATTTAGAGGAAGTAA	B58_9_L001_R1_001.fastq.gz	ITS2_B_B58	BCC_R2	BCFV1-BB-3P	58	BC	Fraser Valley	Blueberry	Pollen	1	14-May-21	3	3.65
B59	TCCTTGATGTTCGAT	CGATCTTGGTCATTTAGAGGAAGTAA	B59_9_L001_R1_001.fastq.gz	ITS2_B_B59	BCC_R2	BCFV1-BB-4P	59	BC	Fraser Valley	Blueberry	Pollen	1	14-May-21	4	3.43
B60	TCTAGCTCTTCGAT	CGATCTTGGTCATTTAGAGGAAGTAA	B60_9_L001_R1_001.fastq.gz	ITS2_B_B60	BCC_R2	BCFV2-BB-1P	60	BC	Fraser Valley	Blueberry	Pollen	2	14-May-21	1	5.03
B61	TCACTCGGATCGAT	CGATCTTGGTCATTTAGAGGAAGTAA	B61_9_L001_R1_001.fastq.gz	ITS2_B_B61	BCC_R2	BCFV2-BB-2P	61	BC	Fraser Valley	Blueberry	Pollen	2	14-May-21	2	5.77
B62	TTCCTGCTTCACGAT	CGATCTTGGTCATTTAGAGGAAGTAA	B62_9_L001_R1_001.fastq.gz	ITS2_B_B62	BCC_R2	BCFV2-BB-3P	62	BC	Fraser Valley	Blueberry	Pollen	2	14-May-21	3	3.32
B63	CCTTAGAGTTCGAT	CGATCTTGGTCATTTAGAGGAAGTAA	B63_9_L001_R1_001.fastq.gz	ITS2_B_B63	BCC_R2	BCFV2-BB-4P	63	BC	Fraser Valley	Blueberry	Pollen	2	14-May-21	4	2.53
B64	CTGAGTTCCGACGAT	CGATCTTGGTCATTTAGAGGAAGTAA	B64_9_L001_R1_001.fastq.gz	ITS2_B_B64	BCC_R2	BCCV1-CH-1P	64	BC	Creston Valley	Cherry	Pollen	1	Spring 2021	1	3.85
B65	TCCTGGCACATCGAT	CGATCTTGGTCATTTAGAGGAAGTAA	B65_9_L001_R1_001.fastq.gz	ITS2_B_B65	BCC_R2	BCCV1-CH-2P	65	BC	Creston Valley	Cherry	Pollen	1	Spring 2021	2	4.37
B66	CCGCAATCATCGAT	CGATCTTGGTCATTTAGAGGAAGTAA	B66_9_L001_R1_001.fastq.gz	ITS2_B_B66	BCC_R2	BCCV1-CH-3P	66	BC	Creston Valley	Cherry	Pollen	1	Spring 2021	3	3.09
B67	TTCCTACCAGTCGAT	CGATCTTGGTCATTTAGAGGAAGTAA	B67_9_L001_R1_001.fastq.gz	ITS2_B_B67	BCC_R2	BCCV2-CH-1P	67	BC	Creston Valley	Cherry	Pollen	2	Spring 2021	1	1.79
B68	TCAAGAAGTTCGAT	CGATCTTGGTCATTTAGAGGAAGTAA	B68_9_L001_R1_001.fastq.gz	ITS2_B_B68	BCC_R2	BCCV2-CH-2P	68	BC	Creston Valley	Cherry	Pollen	2	Spring 2021	2	4.21
B69	TTCAATTGGCGAT	CGATCTTGGTCATTTAGAGGAAGTAA	B69_9_L001_R1_001.fastq.gz	ITS2_B_B69	BCC_R2	BCCV2-CH-3P	69	BC	Creston Valley	Cherry	Pollen	3	Spring 2021	2	1.43
B71	TGAGGCTCCGACGAT	CGATCTTGGTCATTTAGAGGAAGTAA	B71_9_L001_R1_001.fastq.gz	ITS2_B_B71	BCC_R2	BCCV3-CH-2P	72	BC	Creston Valley	Cherry	Pollen	2	Spring 2021	3	5.51
B72	CGAAGGCCACACGAT	CGATCTTGGTCATTTAGAGGAAGTAA	B72_9_L001_R1_001.fastq.gz	ITS2_B_B72	BCC_R2	BCCV3-CH-3P	72	BC	Creston Valley	Cherry	Pollen	3	Spring 2021	3	2.71
B73	TCTGCCTGTCGAT	CGATGCTGCGTTCTTCATCGATGC	B73_9_L001_R1_001.fastq.gz	ITS2_B_B73	BCC_R2	BCFV1-WF-1P	73	BC	Fraser Valley	Wild forage	Pollen	1	14-May-21	1	1.67
B74	CGATCGGTTCGAT	CGATCTTGGTCATTTAGAGGAAGTAA	B74_9_L001_R1_001.fastq.gz	ITS2_B_B74	BCC_R2	BCFV1-WF-2P	74	BC	Fraser Valley	Wild forage	Pollen	2	14-May-21	1	0.973
B75	TCAGGAATACGAT	CGATCTTGGTCATTTAGAGGAAGTAA	B75_9_L001_R1_001.fastq.gz	ITS2_B_B75	BCC_R2	BCFV1-WF-3P	75	BC	Fraser Valley	Wild forage	Pollen	3	14-May-21	1	0.76
B76	CGGAAGAACCTCGAT	CGATCTTGGTCATTTAGAGGAAGTAA	B76_9_L001_R1_001.fastq.gz	ITS2_B_B76	BCC_R2	BCFV1-WF-4P	76	BC	Fraser Valley	Wild forage	Pollen	4	14-May-21	1	3.67
B77	CGAAGCGATTCGAT	CGATCTTGGTCATTTAGAGGAAGTAA	B77_9_L001_R1_001.fastq.gz	ITS2_B_B77	BCC_R2	BCFV2-WF-1P	77	BC	Fraser Valley	Wild forage	Pollen	1	14-May-21	2	1.82
B78	CAGCCAATTCTCGAT	CGATCTTGGTCATTTAGAGGAAGTAA	B78_9_L001_R1_001.fastq.gz	ITS2_B_B78	BCC_R2	BCFV2-WF-2P	78	BC	Fraser Valley	Wild forage	Pollen	2	14-May-21	2	1.39
B79	CCTGGTTGTCGAT	CGATCTTGGTCATTTAGAGGAAGTAA	B79_9_L001_R1_001.fastq.gz	ITS2_B_B79	BCC_R2	BCFV2-WF-3P	79	BC	Fraser Valley	Wild forage	Pollen	3	14-May-21	2	1.1
B80	TCGAAGGCAGGCGAT	CGATCTTGGTCATTTAGAGGAAGTAA	B80_9_L001_R1_001.fastq.gz	ITS2_B_B80	BCC_R2	BCFV2-WF-4P	80	BC	Fraser Valley	Wild forage	Pollen	4	14-May-21	2	5.67
B82	TTGGCATCTCGAT	CGATCTTGGTCATTTAGAGGAAGTAA	B82_9_L001_R1_001.fastq.gz	ITS2_B_B82	BCC_R2	BCCV1-AP-T2	82	BC	Creston Valley	Apple	Leaf and Flower 	1	Leaf	Col 6-10	63.5
B83	CTAGGACATTCGAT	CGATCTTGGTCATTTAGAGGAAGTAA	B83_9_L001_R1_001.fastq.gz	ITS2_B_B83	BCC_R2	BCCV2-AP-T1	83	BC	Creston Valley	Apple	Leaf and Flower 	2	Spring 2021	Col 1-5	32.95
B84	CTTCCATAACGAT	CGATCTTGGTCATTTAGAGGAAGTAA	B84_9_L001_R1_001.fastq.gz	ITS2_B_B84	BCC_R2	BCCV2-AP-T2	84	BC	Creston Valley	Apple	Leaf and Flower 	2	Spring 2021	Col 6-10	45
B85	CCAGCCTCAACGAT	CGATCTTGGTCATTTAGAGGAAGTAA	B85_9_L001_R1_001.fastq.gz	ITS2_B_B85	BCC_R2	BCCV3-AP-T1	85	BC	Creston Valley	Apple	Leaf and Flower 	3	Spring 2021	Col 1-5	31.65
B86	CTTGGTTATTCGAT	CGATCTTGGTCATTTAGAGGAAGTAA	B86_9_L001_R1_001.fastq.gz	ITS2_B_B86	BCC_R2	BCCV3-AP-T2	86	BC	Creston Valley	Apple	Leaf and Flower 	3	Spring 2021	Col 6-10	52
B87	TTGGCTGGACGAT	CGATCTTGGTCATTTAGAGGAAGTAA	B87_9_L001_R1_001.fastq.gz	ITS2_B_B87	BCC_R2	BCFV1-BB-T1	87	BC	Fraser Valley	Blueberry	Leaf and Flower 	1	14-May-21	Col 1-5	8.47
B88	CCGAACACTTCGAT	CGATCTTGGTCATTTAGAGGAAGTAA	B88_9_L001_R1_001.fastq.gz	ITS2_B_B88	BCC_R2	BCFV2-BB-T2	88	BC	Fraser Valley	Blueberry	Leaf and Flower 	1	14-May-21	Col 6-10	3.21
B89	TCCTGAATCTCGAT	CGATCTTGGTCATTTAGAGGAAGTAA	B89_9_L001_R1_001.fastq.gz	ITS2_B_B89	BCC_R2	BCFV2-BB-T1	89	BC	Fraser Valley	Blueberry	Leaf and Flower 	2	14-May-21	Col 1-5	3.14
B90	CTAACCACGGCGAT	CGATCTTGGTCATTTAGAGGAAGTAA	B90_9_L001_R1_001.fastq.gz	ITS2_B_B90	BCC_R2	BCFV1-BB-T2	90	BC	Fraser Valley	Blueberry	Leaf and Flower 	2	14-May-21	Col 6-10	3.23
B91	CGGAAGGATGCGAT	CGATCTTGGTCATTTAGAGGAAGTAA	B91_9_L001_R1_001.fastq.gz	ITS2_B_B91	BCC_R2	BCCV1-CH-T1	92	BC	Creston Valley	Cherry	Leaf and Flower 	1	Spring 2021	Col 1-5	26.15
B92	CTAGGAACCGCGAT	CGATCTTGGTCATTTAGAGGAAGTAA	B92_9_L001_R1_001.fastq.gz	ITS2_B_B92	BCC_R2	BCCV1-CH-T2	92	BC	Creston Valley	Cherry	Leaf and Flower 	1	Spring 2021	Col 6-10	41.35
B93	CTTGTCCAATCGAT	CGATCTTGGTCATTTAGAGGAAGTAA	B93_9_L001_R1_001.fastq.gz	ITS2_B_B93	BCC_R2	BCCV2-CH-T1	93	BC	Creston Valley	Cherry	Leaf and Flower 	2	Spring 2021	Col 1-5	127
B94	TCCGACAAGCGAT	CGATCTTGGTCATTTAGAGGAAGTAA	B94_9_L001_R1_001.fastq.gz	ITS2_B_B94	BCC_R2	BCCV2-CH-T2	94	BC	Creston Valley	Cherry	Leaf and Flower 	2	Spring 2021	Col 6-10	64
B95	CGGACAGATCGAT	CGATCTTGGTCATTTAGAGGAAGTAA	B95_9_L001_R1_001.fastq.gz	ITS2_B_B95	BCC_R2	BCCV3-CH-T1	95	BC	Creston Valley	Cherry	Leaf and Flower 	3	Spring 2021	Col 1-5	85.5
B96	TTAAGCGGTCGAT	CGATCTTGGTCATTTAGAGGAAGTAA	B96_9_L001_R1_001.fastq.gz	ITS2_B_B96	BCC_R2	BCCV3-CH-T2	96	BC	Creston Valley	Cherry	Leaf and Flower 	3	Spring 2021	Col 6-10	75.5
C01	CTAAGGTAA	CGATCTTGGTCATTTAGAGGAAGTAA	C01_9_L001_R1_001.fastq.gz	ITS2_ON_B01	ON_R1	ONJF1-AT-1F	1	ON	AAFC Jordan Farm	Apricot	Forager	N/A	18-Apr	1	131.04
C02	TAAGGAGAA	CGATCTTGGTCATTTAGAGGAAGTAA	C02_9_L001_R1_001.fastq.gz	ITS2_ON_B02	ON_R1	ONJF1-AT-2F	2	ON	AAFC Jordan Farm	Apricot	Forager	N/A	18-Apr	2	110.93
C03	AAGAGGATT	CGATCTTGGTCATTTAGAGGAAGTAA	C03_9_L001_R1_001.fastq.gz	ITS2_ON_B03	ON_R1	ONJF1-AT-3F	3	ON	AAFC Jordan Farm	Apricot	Forager	N/A	18-Apr	3	97.27
C04	TACCAAGAT	CGATCTTGGTCATTTAGAGGAAGTAA	C04_9_L001_R1_001.fastq.gz	ITS2_ON_B04	ON_R1	ONJF1-CH-1F	4	ON	AAFC Jordan Farm	Cherry	Forager	N/A	6-May	1	57.85
C05	CAGAAGGAA	CGATCTTGGTCATTTAGAGGAAGTAA	C05_9_L001_R1_001.fastq.gz	ITS2_ON_B05	ON_R1	ONJF1-CH-2F	5	ON	AAFC Jordan Farm	Cherry	Forager	N/A	6-May	2	98.45
C06	CTGCAAGTT	CGATCTTGGTCATTTAGAGGAAGTAA	C06_9_L001_R1_001.fastq.gz	ITS2_ON_B06	ON_R1	ONJF1-CH-3F	6	ON	AAFC Jordan Farm	Cherry	Forager	N/A	6-May	3	74.84
C07	TTCGTGATT	CGATCTTGGTCATTTAGAGGAAGTAA	C07_9_L001_R1_001.fastq.gz	ITS2_ON_B07	ON_R1	ONJF1-PE-1F	7	ON	AAFC Jordan Farm	Peach	Forager	N/A	12-May	1	68.07
C08	TTCCGATAA	CGATCTTGGTCATTTAGAGGAAGTAA	C08_9_L001_R1_001.fastq.gz	ITS2_ON_B08	ON_R1	ONJF1-PE-2F	8	ON	AAFC Jordan Farm	Peach	Forager	N/A	12-May	2	35.43
C09	TGAGCGGAA	CGATCTTGGTCATTTAGAGGAAGTAA	C09_9_L001_R1_001.fastq.gz	ITS2_ON_B09	ON_R1	ONJF1-PE-3F	9	ON	AAFC Jordan Farm	Peach	Forager	N/A	12-May	3	52.38
C10	CTGACCGAA	CGATCTTGGTCATTTAGAGGAAGTAA	C10_9_L001_R1_001.fastq.gz	ITS2_ON_B10	ON_R1	ONJF1-AP-1F	10	ON	AAFC Jordan Farm	Apple	Forager	N/A	19-May	1	119.36
C11	TCCTCGAAT	CGATCTTGGTCATTTAGAGGAAGTAA	C11_9_L001_R1_001.fastq.gz	ITS2_ON_B11	ON_R1	ONJF1-AP-2F	11	ON	AAFC Jordan Farm	Apple	Forager	N/A	19-May	2	142.67
C12	TAGGTGGTT	CGATCTTGGTCATTTAGAGGAAGTAA	C12_9_L001_R1_001.fastq.gz	ITS2_ON_B12	ON_R1	ONJF1-AP-3F	12	ON	AAFC Jordan Farm	Apple	Forager	N/A	19-May	3	42.64
C13	TCTAACGGA	CGATCTTGGTCATTTAGAGGAAGTAA	C13_9_L001_R1_001.fastq.gz	ITS2_ON_B13	ON_R1	ONJF1-AT-1H	13	ON	AAFC Jordan Farm	Apricot	Hive	N/A	18-Apr	1	99.66
C14	TTGGAGTGT	CGATCTTGGTCATTTAGAGGAAGTAA	C14_9_L001_R1_001.fastq.gz	ITS2_ON_B14	ON_R1	ONJF1-AT-2H	14	ON	AAFC Jordan Farm	Apricot	Hive	N/A	20-Apr	2	82.4
C15	TCTAGAGGT	CGATCTTGGTCATTTAGAGGAAGTAA	C15_9_L001_R1_001.fastq.gz	ITS2_ON_B15	ON_R1	ONJF1-AT-3H	15	ON	AAFC Jordan Farm	Apricot	Hive	N/A	23-Apr	3	80.91
C16	TCTGGATGA	CGATCTTGGTCATTTAGAGGAAGTAA	C16_9_L001_R1_001.fastq.gz	ITS2_ON_B16	ON_R1	ONJF1-CH-1H	16	ON	AAFC Jordan Farm	Cherry	Hive	N/A	6-May	1	70.44
C17	TCTATTCGT	CGATCTTGGTCATTTAGAGGAAGTAA	C17_9_L001_R1_001.fastq.gz	ITS2_ON_B17	ON_R1	ONJF1-CH-2H	17	ON	AAFC Jordan Farm	Cherry	Hive	N/A	6-May	2	41.44
C18	AGGCAATTG	CGATCTTGGTCATTTAGAGGAAGTAA	C18_9_L001_R1_001.fastq.gz	ITS2_ON_B18	ON_R1	ONJF1-CH-3H	18	ON	AAFC Jordan Farm	Cherry	Hive	N/A	6-May	3	36.68
C19	TTAGTCGGA	CGATCTTGGTCATTTAGAGGAAGTAA	C19_9_L001_R1_001.fastq.gz	ITS2_ON_B19	ON_R1	ONJF1-PE-1H	19	ON	AAFC Jordan Farm	Peach	Hive	N/A	12-May	1	25.71
C20	CAGATCCAT	CGATCTTGGTCATTTAGAGGAAGTAA	C20_9_L001_R1_001.fastq.gz	ITS2_ON_B20	ON_R1	ONJF1-PE-2H	20	ON	AAFC Jordan Farm	Peach	Hive	N/A	12-May	2	14.92
C21	TCGCAATTA	CGATCTTGGTCATTTAGAGGAAGTAA	C21_9_L001_R1_001.fastq.gz	ITS2_ON_B21	ON_R1	ONJF1-PE-3H	21	ON	AAFC Jordan Farm	Peach	Hive	N/A	12-May	3	7.83
C22	TTCGAGACG	CGATCTTGGTCATTTAGAGGAAGTAA	C22_9_L001_R1_001.fastq.gz	ITS2_ON_B22	ON_R1	ONJF1-AP-1H	22	ON	AAFC Jordan Farm	Apple	Hive	N/A	19-May	1	11.24
C23	TGCCACGAA	CGATCTTGGTCATTTAGAGGAAGTAA	C23_9_L001_R1_001.fastq.gz	ITS2_ON_B23	ON_R1	ONJF1-AP-2H	23	ON	AAFC Jordan Farm	Apple	Hive	N/A	19-May	2	61.28
C24	AACCTCATT	CGATCTTGGTCATTTAGAGGAAGTAA	C24_9_L001_R1_001.fastq.gz	ITS2_ON_B24	ON_R1	ONJF1-AP-3H	24	ON	AAFC Jordan Farm	Apple	Hive	N/A	19-May	3	56.22
C25	CCTGAGATA	CGATCTTGGTCATTTAGAGGAAGTAA	C25_9_L001_R1_001.fastq.gz	ITS2_ON_B25	ON_R1	ONJF1-AT-3P	25	ON	AAFC Jordan Farm	Apricot	Pollen	N/A	27-Apr	3	19.92
C26	TTACAACCT	CGATCTTGGTCATTTAGAGGAAGTAA	C26_9_L001_R1_001.fastq.gz	ITS2_ON_B26	ON_R1	ONJF1-AT-4P	26	ON	AAFC Jordan Farm	Apricot	Pollen	N/A	4-May	4	21.09
C27	AACCATCCG	CGATCTTGGTCATTTAGAGGAAGTAA	C27_9_L001_R1_001.fastq.gz	ITS2_ON_B27	ON_R1	ONJF1-CH-2P	27	ON	AAFC Jordan Farm	Cherry	Pollen	N/A	9-May	2	52.88
C28	ATCCGGAAT	CGATCTTGGTCATTTAGAGGAAGTAA	C28_9_L001_R1_001.fastq.gz	ITS2_ON_B28	ON_R1	ONJF1-CH-3P	28	ON	AAFC Jordan Farm	Cherry	Pollen	N/A	9-May	3	11.19
C29	TCGACCACT	CGATCTTGGTCATTTAGAGGAAGTAA	C29_9_L001_R1_001.fastq.gz	ITS2_ON_B29	ON_R1	ONJF1-CH-4P	29	ON	AAFC Jordan Farm	Cherry	Pollen	N/A	9-May	4	12.85
C30	CGAGGTTAT	CGATCTTGGTCATTTAGAGGAAGTAA	C30_9_L001_R1_001.fastq.gz	ITS2_ON_B30	ON_R1	ONJF1-PE-2P	30	ON	AAFC Jordan Farm	Peach	Pollen	N/A	12-May	2	82.39
C31	TCCAAGCTG	CGATCTTGGTCATTTAGAGGAAGTAA	C31_9_L001_R1_001.fastq.gz	ITS2_ON_B31	ON_R1	ONJF1-PE-3P	31	ON	AAFC Jordan Farm	Peach	Pollen	N/A	12-May	3	714.06
C32	TCTTACACA	CGATCTTGGTCATTTAGAGGAAGTAA	C32_9_L001_R1_001.fastq.gz	ITS2_ON_B32	ON_R1	ONJF1-PE-4P	32	ON	AAFC Jordan Farm	Peach	Pollen	N/A	12-May	4	105.82
C33	TTCTCATTGAA	CGATCTTGGTCATTTAGAGGAAGTAA	C33_9_L001_R1_001.fastq.gz	ITS2_ON_B33	ON_R1	ONJF1-AP-2P	33	ON	AAFC Jordan Farm	Apple	Pollen	N/A	21-May	2	62.31
C34	TCGCATCGTT	CGATCTTGGTCATTTAGAGGAAGTAA	C34_9_L001_R1_001.fastq.gz	ITS2_ON_B34	ON_R1	ONJF1-AP-3P	34	ON	AAFC Jordan Farm	Apple	Pollen	N/A	21-May	3	83.82
C35	TAAGCCATTGT	CGATCTTGGTCATTTAGAGGAAGTAA	C35_9_L001_R1_001.fastq.gz	ITS2_ON_B35	ON_R1	ONJF1-AP-4P	35	ON	AAFC Jordan Farm	Apple	Pollen	N/A	21-May	4	27.77
C36	AAGGAATCGT	CGATCTTGGTCATTTAGAGGAAGTAA	C36_9_L001_R1_001.fastq.gz	ITS2_ON_B36	ON_R1	ONLA2-BB-1B	36	ON	Lowbanks Blueberry knoll	Blueberry	Bread	N/A	20-May	1	54.73
C37	CTTGAGAATGT	CGATCTTGGTCATTTAGAGGAAGTAA	C37_9_L001_R1_001.fastq.gz	ITS2_ON_B37	ON_R1	ONLA2-BB-2B	37	ON	Lowbanks Blueberry knoll	Blueberry	Bread	N/A	20-May	2	16.96
C38	TGGAGGACGGA	CGATCTTGGTCATTTAGAGGAAGTAA	C38_9_L001_R1_001.fastq.gz	ITS2_ON_B38	ON_R1	ONLA2-BB-3B	38	ON	Lowbanks Blueberry knoll	Blueberry	Bread	N/A	21-May	3	20.21
C39	TAACAATCGG	CGATCTTGGTCATTTAGAGGAAGTAA	C39_9_L001_R1_001.fastq.gz	ITS2_ON_B39	ON_R1	ONLA2-BB-1F	39	ON	Lowbanks Blueberry knoll	Blueberry	Forager	N/A	20-May	1	32.46
C40	CTGACATAAT	CGATCTTGGTCATTTAGAGGAAGTAA	C40_9_L001_R1_001.fastq.gz	ITS2_ON_B40	ON_R1	ONLA2-BB-2F	40	ON	Lowbanks Blueberry knoll	Blueberry	Forager	N/A	20-May	2	30.12
C41	TTCCACTTCG	CGATCTTGGTCATTTAGAGGAAGTAA	C41_9_L001_R1_001.fastq.gz	ITS2_ON_B41	ON_R1	ONLA2-BB-3F	41	ON	Lowbanks Blueberry knoll	Blueberry	Forager	N/A	20-May	3	21.73
C42	AGCACGAAT	CGATCTTGGTCATTTAGAGGAAGTAA	C42_9_L001_R1_001.fastq.gz	ITS2_ON_B42	ON_R1	ONSO2-BB-1F	42	ON	Simcoe Powells patch	Blueberry	Forager	N/A	24-May	1	65.24
C43	CTTGACACCG	CGATCTTGGTCATTTAGAGGAAGTAA	C43_9_L001_R1_001.fastq.gz	ITS2_ON_B43	ON_R1	ONSO2-BB-2F	43	ON	 Simcoe Powells patch	Blueberry	Forager	N/A	24-May	2	29.93
C44	TTGGAGGCCAG	CGATCTTGGTCATTTAGAGGAAGTAA	C44_9_L001_R1_001.fastq.gz	ITS2_ON_B44	ON_R1	ONLA2-BB-1H	44	ON	Lowbanks Blueberry knoll	Blueberry	Hive	N/A	20-May	1	31.62
C45	TGGAGCTTCCT	CGATCTTGGTCATTTAGAGGAAGTAA	C45_9_L001_R1_001.fastq.gz	ITS2_ON_B45	ON_R1	ONLA2-BB-2H	45	ON	Lowbanks Blueberry knoll	Blueberry	Hive	N/A	20-May	2	65.29
C46	TCAGTCCGAA	CGATCTTGGTCATTTAGAGGAAGTAA	C46_9_L001_R1_001.fastq.gz	ITS2_ON_B46	ON_R1	ONLA2-BB-3H	46	ON	Lowbanks Blueberry knoll	Blueberry	Hive	N/A	21-May	3	23.07
C47	TAAGGCAACCA	CGATCTTGGTCATTTAGAGGAAGTAA	C47_9_L001_R1_001.fastq.gz	ITS2_ON_B47	ON_R1	ONLA2-BB-1P	47	ON	Lowbanks Blueberry knoll	Blueberry	Pollen	N/A	20-May	1	16.64
C48	TTCTAAGAGA	CGATCTTGGTCATTTAGAGGAAGTAA	C48_9_L001_R1_001.fastq.gz	ITS2_ON_B48	ON_R1	ONLA2-BB-2P	48	ON	Lowbanks Blueberry knoll	Blueberry	Pollen	N/A	20-May	2	10.24
C49	TCCTAACATAACGAT	CGATCTTGGTCATTTAGAGGAAGTAA	C49_9_L001_R1_001.fastq.gz	ITS2_ON_B49	ON_R1	ONLA2-BB-3P	49	ON	Lowbanks Blueberry knoll	Blueberry	Pollen	N/A	20-May	3	24.28
C50	CGGACAATGGCGAT	CGATCTTGGTCATTTAGAGGAAGTAA	C50_9_L001_R1_001.fastq.gz	ITS2_ON_B50	ON_R1	ONWF1-AP-1B	50	ON	Vineland Warner Farms	Apple	Bread	N/A	13-May	1	60.93
C51	TTGAGCCTATTCGAT	CGATCTTGGTCATTTAGAGGAAGTAA	C51_9_L001_R1_001.fastq.gz	ITS2_ON_B51	ON_R1	ONWF1-AP-2B	51	ON	Vineland Warner Farms	Apple	Bread	N/A	13-May	2	28.25
C52	CCGCATGGAACGAT	CGATCTTGGTCATTTAGAGGAAGTAA	C52_9_L001_R1_001.fastq.gz	ITS2_ON_B52	ON_R1	ONWF1-AP-3B	52	ON	Vineland Warner Farms	Apple	Bread	N/A	13-May	3	48.29
C53	CTGGCAATCCTCGAT	CGATCTTGGTCATTTAGAGGAAGTAA	C53_9_L001_R1_001.fastq.gz	ITS2_ON_B53	ON_R1	ONKB1-AP-1F	53	ON	Kinburn	Apple	Forager	N/A	19-May	1	20.38
C54	CCGGAGAATCGCGAT	CGATCTTGGTCATTTAGAGGAAGTAA	C54_9_L001_R1_001.fastq.gz	ITS2_ON_B54	ON_R1	ONKB1-AP-2F	54	ON	Kinburn	Apple	Forager	N/A	19-May	2	19.84
C55	TCCACCTCCTCGAT	CGATCTTGGTCATTTAGAGGAAGTAA	C55_9_L001_R1_001.fastq.gz	ITS2_ON_B55	ON_R1	ONKB1-AP-3F	55	ON	Kinburn	Apple	Forager	N/A	19-May	3	37.56
C56	CAGCATTAATTCGAT	CGATCTTGGTCATTTAGAGGAAGTAA	C56_9_L001_R1_001.fastq.gz	ITS2_ON_B56	ON_R1	ONVWF-AP-1F	56	ON	Vineland Warner Farms	Apple	Forager	N/A	13-May	1	80.63
C57	TCTGGCAACGGCGAT	CGATCTTGGTCATTTAGAGGAAGTAA	C57_9_L001_R1_001.fastq.gz	ITS2_ON_B57	ON_R1	ONWF2-AP-2F	57	ON	Vineland Warner Farms	Apple	Forager	N/A	13-May	2	31.94
C58	TCCTAGAACACGAT	CGATCTTGGTCATTTAGAGGAAGTAA	C58_9_L001_R1_001.fastq.gz	ITS2_ON_B58	ON_R1	ONWF2-AP-3F	58	ON	Vineland Warner Farms	Apple	Forager	N/A	13-May	3	10.83
C59	TCCTTGATGTTCGAT	CGATCTTGGTCATTTAGAGGAAGTAA	C59_9_L001_R1_001.fastq.gz	ITS2_ON_B59	ON_R1	ONKB1-AP-1H	59	ON	Kinburn	Apple	Hive	N/A	19-May	1	8.74
C60	TCTAGCTCTTCGAT	CGATCTTGGTCATTTAGAGGAAGTAA	C60_9_L001_R1_001.fastq.gz	ITS2_ON_B60	ON_R1	ONKB1-AP-2H	60	ON	Kinburn	Apple	Hive	N/A	19-May	2	54.93
C61	TCACTCGGATCGAT	CGATCTTGGTCATTTAGAGGAAGTAA	C61_9_L001_R1_001.fastq.gz	ITS2_ON_B61	ON_R1	ONKB1-AP-3H	61	ON	Kinburn	Apple	Hive	N/A	19-May	3	23.75
C62	TTCCTGCTTCACGAT	CGATCTTGGTCATTTAGAGGAAGTAA	C62_9_L001_R1_001.fastq.gz	ITS2_ON_B62	ON_R1	ONWF2-AP-1H	62	ON	Vineland Warner Farms	Apple	Hive	N/A	13-May	1	48.97
C63	CCTTAGAGTTCGAT	CGATCTTGGTCATTTAGAGGAAGTAA	C63_9_L001_R1_001.fastq.gz	ITS2_ON_B63	ON_R1	ONWF2-AP-2H	63	ON	Vineland Warner Farms	Apple	Hive	N/A	13-May	2	32.33
C64	CTGAGTTCCGACGAT	CGATCTTGGTCATTTAGAGGAAGTAA	C64_9_L001_R1_001.fastq.gz	ITS2_ON_B64	ON_R1	ONWF2-AP-3H	64	ON	Vineland Warner Farms	Apple	Hive	N/A	13-May	3	84.93
C65	TCCTGGCACATCGAT	CGATCTTGGTCATTTAGAGGAAGTAA	C65_9_L001_R1_001.fastq.gz	ITS2_ON_B65	ON_R1	ONKB1-AP-1P	65	ON	Kinburn	Apple	Pollen	N/A	19-May	1	149.12
C66	CCGCAATCATCGAT	CGATCTTGGTCATTTAGAGGAAGTAA	C66_9_L001_R1_001.fastq.gz	ITS2_ON_B66	ON_R1	ONKB1-AP-2P	66	ON	Kinburn	Apple	Pollen	N/A	19-May	2	35.02
C67	TTCCTACCAGTCGAT	CGATCTTGGTCATTTAGAGGAAGTAA	C67_9_L001_R1_001.fastq.gz	ITS2_ON_B67	ON_R1	ONKB1-AP-3P	67	ON	Kinburn	Apple	Pollen	N/A	19-May	3	28.01
C68	TCAAGAAGTTCGAT	CGATCTTGGTCATTTAGAGGAAGTAA	C68_9_L001_R1_001.fastq.gz	ITS2_ON_B68	ON_R1	ONKB1-AP-1B	68	ON	Kinburn	Apple	Bread	N/A	19-May	1	75.74
C69	TTCAATTGGCGAT	CGATCTTGGTCATTTAGAGGAAGTAA	C69_9_L001_R1_001.fastq.gz	ITS2_ON_B69	ON_R1	ONKB1-AP-2B	69	ON	Kinburn	Apple	Bread	N/A	19-May	2	42.59
C70	CCTACTGGTCGAT	CGATCTTGGTCATTTAGAGGAAGTAA	C70_9_L001_R1_001.fastq.gz	ITS2_ON_B70	ON_R1	ONKB1-AP-3B	70	ON	Kinburn	Apple	Bread	N/A	19-May	3	90.28
D01	CTAAGGTAA	CGATCTTGGTCATTTAGAGGAAGTAA	D01_9_L001_R1_001.fastq.gz	ITS2_Can_1	AB_R1	IRIA21_Pollen-1	1	AB	Halcourt	Canola	Pollen	N/A	28-Jul-20	Pollen Trap on 1 colony - Unsorted	32.6
D02	TAAGGAGAA	CGATCTTGGTCATTTAGAGGAAGTAA	D02_9_L001_R1_001.fastq.gz	ITS2_Can_2	AB_R1	IRIA21_Pollen-2	2	AB	Halcourt	Canola	Pollen	N/A	31-Jul-20	Pollen Trap on 1 colony - Unsorted	20.6
D03	AAGAGGATT	CGATCTTGGTCATTTAGAGGAAGTAA	D03_9_L001_R1_001.fastq.gz	ITS2_Can_3	AB_R1	IRIA21_Pollen-3	3	AB	Halcourt	Canola	Pollen	N/A	7-Aug-20	Pollen Trap on 1 colony - Unsorted	24.3
D04	TACCAAGAT	CGATCTTGGTCATTTAGAGGAAGTAA	D04_9_L001_R1_001.fastq.gz	ITS2_Can_4	AB_R1	IRIA21_Pollen-4	4	AB	Halcourt	Canola	Pollen 	N/A	7-Aug-20	Pollen Trap on 1 colony - Sorted; -20 C Storage	38.1
D05	CAGAAGGAA	CGATCTTGGTCATTTAGAGGAAGTAA	D05_9_L001_R1_001.fastq.gz	ITS2_Can_5	AB_R1	IRIA21_Pollen-5	5	AB	Halcourt	Canola	Pollen	N/A	31-Jul-20	Pollen Trap on 1 colony - Unsorted	14.1
D06	CTGCAAGTT	CGATCTTGGTCATTTAGAGGAAGTAA	D06_9_L001_R1_001.fastq.gz	ITS2_Can_6	AB_R1	IRIA21_PF -1	6	AB	Halcourt	Canola	Pollen Foragers	N/A	28-Jul-20	From 3 colonies.  Foragers w/ canola pollen.	44
D07	TTCGTGATT	CGATCTTGGTCATTTAGAGGAAGTAA	D07_9_L001_R1_001.fastq.gz	ITS2_Can_7	AB_R1	IRIA21_Br-1	7	AB	Halcourt	Canola	Bee Bread	N/A	31-Jul-20	Collected from 3 colonies.	7.8
D08	TTCCGATAA	CGATCTTGGTCATTTAGAGGAAGTAA	D08_9_L001_R1_001.fastq.gz	ITS2_Can_8	AB_R1	IRIA21_Br-2	8	AB	Halcourt	Canola	Bee Bread	N/A	31-Jul-20	Collected from 3 colonies.	9.3
D09	TGAGCGGAA	CGATCTTGGTCATTTAGAGGAAGTAA	D09_9_L001_R1_001.fastq.gz	ITS2_Can_9	AB_R1	IRIA21_Flowers-1	9	AB	Halcourt	Canola	Canola Inflorescence	N/A	7-Aug-20	Collected from unique plant	32.3
D10	CTGACCGAA	CGATCTTGGTCATTTAGAGGAAGTAA	D10_9_L001_R1_001.fastq.gz	ITS2_Can_10	AB_R1	IRIA21_Flowers-2	10	AB	Halcourt	Canola	Canola Inflorescence	N/A	7-Aug-20	Collected from unique plant	19.4
D11	TCCTCGAAT	CGATCTTGGTCATTTAGAGGAAGTAA	D11_9_L001_R1_001.fastq.gz	ITS2_Can_11	AB_R1	IRIA21_Flowers-3	11	AB	Halcourt	Canola	Canola Inflorescence	N/A	7-Aug-20	Collected from unique plant	79.7
D12	TAGGTGGTT	CGATCTTGGTCATTTAGAGGAAGTAA	D12_9_L001_R1_001.fastq.gz	ITS2_Can_12	AB_R1	IRIA21_Flowers-4	12	AB	Halcourt	Canola	Canola Inflorescence	N/A	7-Aug-20	Collected from unique plant	67.4
D13	TCTAACGGA	CGATCTTGGTCATTTAGAGGAAGTAA	D13_9_L001_R1_001.fastq.gz	ITS2_Can_13	AB_R1	IRIA21_Flowers-5	13	AB	Halcourt	Canola	Canola Inflorescence	N/A	7-Aug-20	Collected from unique plant	49.1
D14	TTGGAGTGT	CGATCTTGGTCATTTAGAGGAAGTAA	D14_9_L001_R1_001.fastq.gz	ITS2_Can_14	AB_R1	IRIA21_Flowers-6	14	AB	Halcourt	Canola	Canola Inflorescence	N/A	7-Aug-20	Collected from unique plant	53.9
D15	TCTAGAGGT	CGATCTTGGTCATTTAGAGGAAGTAA	D15_9_L001_R1_001.fastq.gz	ITS2_Can_15	AB_R1	IRIA21_Flowers-7	15	AB	Halcourt	Canola	Canola Inflorescence	N/A	7-Aug-20	Collected from unique plant	12.6
D16	TCTGGATGA	CGATCTTGGTCATTTAGAGGAAGTAA	D16_9_L001_R1_001.fastq.gz	ITS2_Can_16	AB_R1	IRIA21_Flowers-8	16	AB	Halcourt	Canola	Canola Inflorescence	N/A	7-Aug-20	Collected from unique plant	47
D17	TCTATTCGT	CGATCTTGGTCATTTAGAGGAAGTAA	D17_9_L001_R1_001.fastq.gz	ITS2_Can_17	AB_R1	IRIA21_Flowers-9	17	AB	Halcourt	Canola	Canola Inflorescence	N/A	7-Aug-20	Collected from unique plant	45.9
D18	AGGCAATTG	CGATCTTGGTCATTTAGAGGAAGTAA	D18_9_L001_R1_001.fastq.gz	ITS2_Can_18	AB_R1	IRIA21_Flowers-10	18	AB	Halcourt	Canola	Canola Inflorescence	N/A	7-Aug-20	Collected from unique plant	20.7
D19	TTAGTCGGA	CGATCTTGGTCATTTAGAGGAAGTAA	D19_9_L001_R1_001.fastq.gz	ITS2_Can_19	AB_R1	IRIA21_Leaves-1	19	AB	Halcourt	Canola	Canola Leaves	N/A	7-Aug-20	Collected from unique plant	10.3
D20	CAGATCCAT	CGATCTTGGTCATTTAGAGGAAGTAA	D20_9_L001_R1_001.fastq.gz	ITS2_Can_20	AB_R1	IRIA21_Leaves-2	20	AB	Halcourt	Canola	Canola Leaves	N/A	7-Aug-20	Collected from unique plant	20.6
D21	TCGCAATTA	CGATCTTGGTCATTTAGAGGAAGTAA	D21_9_L001_R1_001.fastq.gz	ITS2_Can_21	AB_R1	IRIA21_Leaves-3	21	AB	Halcourt	Canola	Canola Leaves	N/A	7-Aug-20	Collected from unique plant	12.9
D22	TTCGAGACG	CGATCTTGGTCATTTAGAGGAAGTAA	D22_9_L001_R1_001.fastq.gz	ITS2_Can_22	AB_R1	IRIA21_Leaves-4	22	AB	Halcourt	Canola	Canola Leaves	N/A	7-Aug-20	Collected from unique plant	10.5
D23	TGCCACGAA	CGATCTTGGTCATTTAGAGGAAGTAA	D23_9_L001_R1_001.fastq.gz	ITS2_Can_23	AB_R1	IRIA21_Leaves-5	23	AB	Halcourt	Canola	Canola Leaves	N/A	7-Aug-20	Collected from unique plant	49.1
D24	AACCTCATT	CGATCTTGGTCATTTAGAGGAAGTAA	D24_9_L001_R1_001.fastq.gz	ITS2_Can_24	AB_R1	IRIA21_Leaves-6	24	AB	Halcourt	Canola	Canola Leaves	N/A	7-Aug-20	Collected from unique plant	24.7
D25	CCTGAGATA	CGATCTTGGTCATTTAGAGGAAGTAA	D25_9_L001_R1_001.fastq.gz	ITS2_Can_25	AB_R1	IRIA21_Leaves-7	25	AB	Halcourt	Canola	Canola Leaves	N/A	7-Aug-20	Collected from unique plant	13.9
D26	TTACAACCT	CGATCTTGGTCATTTAGAGGAAGTAA	D26_9_L001_R1_001.fastq.gz	ITS2_Can_26	AB_R1	IRIA21_Leaves-8	26	AB	Halcourt	Canola	Canola Leaves	N/A	7-Aug-20	Collected from unique plant	33.3
D27	AACCATCCG	CGATCTTGGTCATTTAGAGGAAGTAA	D27_9_L001_R1_001.fastq.gz	ITS2_Can_27	AB_R1	IRIA21_Leaves-9	27	AB	Halcourt	Canola	Canola Leaves	N/A	7-Aug-20	Collected from unique plant	26.9
D28	ATCCGGAAT	CGATCTTGGTCATTTAGAGGAAGTAA	D28_9_L001_R1_001.fastq.gz	ITS2_Can_28	AB_R1	IRIA21_Leaves-10	28	AB	Halcourt	Canola	Canola Leaves	N/A	7-Aug-20	Collected from unique plant	15
D29	TCGACCACT	CGATCTTGGTCATTTAGAGGAAGTAA	D29_9_L001_R1_001.fastq.gz	ITS2_Can_29	AB_R1	IRIA21_Bees-1	29	AB	Halcourt	Canola	Bees	N/A	N/A	N/A	34.3
D30	CGAGGTTAT	CGATCTTGGTCATTTAGAGGAAGTAA	D30_9_L001_R1_001.fastq.gz	ITS2_Can_30	AB_R1	IRIA21_Bees-2	30	AB	Halcourt	Canola	Bees	N/A	N/A	N/A	36.2
D31	TCCAAGCTG	CGATCTTGGTCATTTAGAGGAAGTAA	D31_9_L001_R1_001.fastq.gz	ITS2_Can_31	AB_R1	IRIA21_Bees-3	31	AB	Halcourt	Canola	Bees	N/A	N/A	N/A	35.6
